{"graph": {"_type": "graph-file", "path": "media/graph/graph_summary_e5a360bd0193dcf971ef.graph.json", "sha256": "e5a360bd0193dcf971ef60fe941b4390849ec4828d47db8c496ebc2623d02db3", "size": 4048}, "epoch": 9, "loss": 1.8290704488754272, "accuracy": 0.3542690873146057, "val_loss": 1.712622046470642, "val_accuracy": 0.40512049198150635, "_runtime": 3360, "_timestamp": 1648652194, "_step": 9, "best_val_loss": 1.712622046470642, "best_epoch": 9, "_wandb": {"runtime": 3358}}