{"graph": {"_type": "graph-file", "path": "media/graph/graph_summary_e5a360bd0193dcf971ef.graph.json", "sha256": "e5a360bd0193dcf971ef60fe941b4390849ec4828d47db8c496ebc2623d02db3", "size": 4048}, "epoch": 9, "loss": 1.8123563528060913, "accuracy": 0.3617939054965973, "val_loss": 1.7441455125808716, "val_accuracy": 0.3964608311653137, "_runtime": 2475, "_timestamp": 1648589017, "_step": 9, "best_val_loss": 1.7395317554473877, "best_epoch": 8, "_wandb": {"runtime": 2475}}