{"graph": {"_type": "graph-file", "path": "media/graph/graph_summary_e5a360bd0193dcf971ef.graph.json", "sha256": "e5a360bd0193dcf971ef60fe941b4390849ec4828d47db8c496ebc2623d02db3", "size": 4048}, "epoch": 4, "loss": 2.0124928951263428, "accuracy": 0.28654560446739197, "val_loss": 1.9384419918060303, "val_accuracy": 0.3192771077156067, "_runtime": 1624, "_timestamp": 1648655488, "_step": 4, "best_val_loss": 1.9384419918060303, "best_epoch": 4, "_wandb": {"runtime": 1621}}