{"graph": {"_type": "graph-file", "path": "media/graph/graph_summary_e5a360bd0193dcf971ef.graph.json", "sha256": "e5a360bd0193dcf971ef60fe941b4390849ec4828d47db8c496ebc2623d02db3", "size": 4048}, "epoch": 0, "loss": 2.327340602874756, "accuracy": 0.09762215614318848, "val_loss": 2.3026139736175537, "val_accuracy": 0.09977409988641739, "_runtime": 420, "_timestamp": 1648655926, "_step": 0, "best_val_loss": 2.3026139736175537, "best_epoch": 0}